"Name","Protocol","IncludedPorts","ExcludedPorts","IncludedGroups","ExcludedGroups","IcmpTypes","IcmpCodes","Comment"
"test-51-sg-Valid","TCP","80,443","","","","","","VALID row"
"test-51-sg-BadProtocol","SCTP","3868","","","","","","INVALID unsupported protocol"
"test-51-sg-BadPort","TCP","70000","","","","","","INVALID port out of range"
"test-51-sg-EmptyTCP","TCP","","","","","","","INVALID TCP requires ports or groups"
"test-51-sg-BadICMP","ICMP","80","","","","8","0","INVALID ICMP cannot include ports"
"test-51-sg-Missing","UDP","","","No_Such_Service","","","","INVALID missing nested group"
"test-51-sg-Overlap","TCP","443","443","","","","","INVALID same port included and excluded"
"test-51-sg-Self","TCP","","","test-51-sg-Self","","","","INVALID self-reference"
"test-51-bad-sg-protocol","SCTP","3868","","","","","","INVALID unsupported protocol"
"test-51-bad-sg-port","TCP","70000","","","","","","INVALID port out of range"
"test-51-bad-sg-missing","TCP","","","test-51-no-such-service","","","","INVALID missing nested group"
"test-51-bad-sg-self","TCP","","","test-51-bad-sg-self","","","","INVALID self cycle"
"test-51-bad-sg-icmpv6","ICMPV6","","","","","128","0","EXPECTED RUNTIME FAILURE on tested 9.7.1 importer"
